{
  "entry_equity": 180000000.0,
  "exit_proceeds": 484873372.5167614,
  "hold_years": 5.0,
  "moic": 2.6937409584264524,
  "irr": 0.21918936584563525,
  "total_distributions": 484873372.5167614
}