payer,stage,mean_denial_rework_cost,mean_denial_cases
Commercial,L1,82811.19306005316,5520.8586
Commercial,L2,84991.0117639503,1307.4312
Commercial,L3,86162.78757482962,172.2978
Medicaid,L1,81706.6142650605,5446.989
Medicaid,L2,72426.04094012915,1114.0602
Medicaid,L3,89000.45940997242,178.0458
Medicare,L1,89211.982403818,5947.6438
Medicare,L2,79406.37943671616,1222.0012
Medicare,L3,123700.25641131913,247.4632
SelfPay,L1,0.0,0.0
SelfPay,L2,0.0,0.0
SelfPay,L3,0.0,0.0
