payer,stage,mean_denial_rework_cost,mean_denial_cases
Commercial,L1,93290.68245306471,4240.6324
Commercial,L2,249715.64426907367,2937.8274
Commercial,L3,611235.4707005362,940.4544
Medicaid,L1,88747.54143583188,4033.8038
Medicaid,L2,202455.4745991612,2381.8606
Medicaid,L3,524968.1575167986,807.6774
Medicare,L1,126761.96026672609,5762.326
Medicare,L2,299598.7501230716,3525.0022
Medicare,L3,807674.5628096238,1242.6216
SelfPay,L1,0.0,0.0
SelfPay,L2,0.0,0.0
SelfPay,L3,0.0,0.0
